fdc_id,food_name,calories,protein,carbs,fat,fiber,sugar,sodium
321358,"Hummus, commercial",229.0,7.35,14.9,17.1,5.4,,438.0
321359,"Milk, reduced fat, fluid, 2% milkfat, with added vitamin A and vitamin D",50.0,3.35,4.91,1.9,,,39.0
321360,"Tomatoes, grape, raw",27.0,0.83,5.51,0.63,2.1,,6.0
321611,"Beans, snap, green, canned, regular pack, drained solids",20.0,1.04,4.11,0.39,,,282.0
321900,"Broccoli, raw",32.0,2.57,6.29,0.34,2.4,,36.0
322228,"Milk, lowfat, fluid, 1% milkfat, with added vitamin A and vitamin D",43.0,3.38,5.19,0.95,,,39.0
322559,"Milk, nonfat, fluid, with added vitamin A and vitamin D (fat free or skim)",34.0,3.43,4.89,0.08,,,41.0
322892,"Milk, whole, 3.25% milkfat, with added vitamin D",60.0,3.28,4.67,3.2,,,38.0
323121,"Frankfurter, beef, unheated",314.0,11.7,2.89,28.0,,,872.0
323294,"Nuts, almonds, dry roasted, with salt added",621.0,20.4,16.2,57.8,11.0,,256.0
323444,"Cheese, ricotta, whole milk",157.0,7.81,6.86,11.0,,,105.0
323505,"Kale, raw",35.0,2.92,4.42,1.49,4.1,,53.0
323604,"Egg, whole, raw, frozen, pasteurized",150.0,12.3,0.91,10.3,,,121.0
323697,"Egg, white, raw, frozen, pasteurized",48.0,10.1,0.74,0.16,,,144.0
323793,"Egg, white, dried",376.0,79.9,6.02,0.65,,,1250.0
324038,"Sauce, salsa, ready-to-serve",29.0,1.44,6.74,0.19,1.8,,656.0
324157,"Sausage, breakfast sausage, beef, pre-cooked, unprepared",329.0,13.3,3.37,28.7,,,866.0
324317,"Onion rings, breaded, par fried, frozen, prepared, heated in oven",289.0,4.52,36.3,14.4,2.4,,374.0
324653,"Pickles, cucumber, dill or kosher dill",12.0,0.48,1.99,0.43,1.0,,808.0
324860,"Peanut butter, smooth style, with salt",597.0,22.5,22.3,51.1,4.8,,429.0
325036,"Cheese, parmesan, grated",420.0,29.6,12.4,28.0,,,1750.0
325198,"Cheese, pasteurized process, American, vitamin D fortified",366.0,18.0,5.27,30.6,,,1660.0
325287,"Grapefruit juice, white, canned or bottled, unsweetened",37.0,0.55,7.59,0.7,0.2,,1.0
325430,"Peaches, yellow, raw",42.0,0.91,10.1,0.27,1.5,,13.0
325524,"Seeds, sunflower seed kernels, dry roasted, with salt added",612.0,21.0,17.1,56.1,10.3,,532.0
325658,"Sausage, Italian, pork, mild, cooked, pan-fried",322.0,18.2,2.15,26.2,,,766.0
325871,"Bread, white, commercially prepared",270.0,9.43,49.2,3.59,2.3,,477.0
325992,"Sausage, turkey, breakfast links, mild, raw",169.0,16.7,0.93,10.4,,,599.0
326135,"Cheese, swiss",393.0,27.0,1.44,31.0,,,185.0
326196,"Kale, frozen, cooked, boiled, drained, without salt",36.0,2.94,5.3,1.21,,,16.0
326458,"Carrots, frozen, unprepared (Includes foods for USDA's Food Distribution Program)",37.0,0.81,7.92,0.47,3.2,,66.0
326698,"Mustard, prepared, yellow",61.0,4.25,5.3,3.38,4.3,,1100.0
326905,"Figs, dried, uncooked",249.0,3.3,63.9,0.92,9.8,,10.0
327046,"Kiwifruit, green, raw",58.0,1.06,14.0,0.44,3.0,,5.0
327198,"Melons, cantaloupe, raw",34.0,0.82,8.16,0.18,0.8,,30.0
327357,"Nectarines, raw",39.0,1.06,9.18,0.28,1.5,,13.0
327501,"Oranges, raw, navels (Includes foods for USDA's Food Distribution Program)",47.0,0.91,11.8,0.15,2.0,,9.0
327699,"Strawberries, raw",31.0,0.64,7.63,0.22,1.8,,10.0
327923,"Lettuce, cos or romaine, raw",17.0,1.24,3.24,0.26,1.8,,
328637,"Cheese, cheddar",408.0,23.3,2.44,34.0,,,654.0
328841,"Cheese, cottage, lowfat, 2% milkfat",84.0,11.0,4.31,2.3,,,321.0
329370,"Cheese, mozzarella, low moisture, part-skim",298.0,23.7,4.44,20.4,,,699.0
329490,"Egg, whole, dried",576.0,48.1,1.87,39.8,,,485.0
329596,"Egg, yolk, raw, frozen, pasteurized",297.0,15.6,0.59,25.1,,,66.0
329716,"Egg, yolk, dried",654.0,34.2,1.07,55.5,,,149.0
329830,"Cheese, dry white, queso seco",326.0,24.5,2.07,24.3,,,1810.0
330137,"Yogurt, Greek, plain, nonfat",61.0,10.3,3.64,0.37,,,36.0
330415,"Yogurt, Greek, strawberry, nonfat",83.0,8.06,12.2,0.15,0.6,,32.0
330458,"Oil, coconut",833.0,0.0,0.84,99.1,,,0.0
330869,"Turkey, ground, 93% lean, 7% fat, pan-broiled crumbles",220.0,27.1,0.0,11.6,,,90.0
331897,"Chicken, broilers or fryers, drumstick, meat only, cooked, braised",156.0,23.9,0.0,5.95,,,117.0
331960,"Chicken, broiler or fryers, breast, skinless, boneless, meat only, cooked, braised",166.0,32.1,0.0,3.24,,,47.0
332282,"Sauce, pasta, spaghetti/marinara, ready-to-serve",45.0,1.41,8.05,1.48,1.8,,419.0
332397,"Ham, sliced, pre-packaged, deli meat (96%fat free, water added)",106.0,16.7,0.27,3.73,,,1040.0
332597,"Pears, raw, bartlett (Includes foods for USDA's Food Distribution Program)",57.0,0.38,15.1,0.16,3.1,,7.0
332791,"Olives, green, Manzanilla, stuffed with pimiento",130.0,1.15,4.96,12.9,4.0,,1620.0
332864,"Sausage, pork, chorizo, link or ground, cooked, pan-fried",346.0,19.3,2.63,28.1,,,983.0
333008,"Cookies, oatmeal, soft, with raisins",430.0,5.79,69.6,14.3,3.3,,314.0
333281,"Tomatoes, canned, red, ripe, diced",18.0,0.84,3.32,0.5,,,125.0
333374,"Fish, haddock, raw",74.0,16.3,0.0,0.45,,,213.0
333476,"Fish, pollock, raw",56.0,12.3,0.0,0.41,,,333.0
334194,"Fish, tuna, light, canned in water, drained solids",90.0,19.0,0.08,0.94,,,219.0
334247,"Sugars, granulated",385.0,0.0,99.6,0.32,,,1.0
334462,"Restaurant, Chinese, sweet and sour pork",260.0,8.88,25.5,13.6,1.0,,304.0
334536,"Restaurant, Chinese, fried rice, without meat",174.0,3.84,32.5,3.19,,,361.0
334628,"Restaurant, Latino, tamale, pork",174.0,7.38,15.8,9.04,2.4,,473.0
334720,"Restaurant, Latino, pupusas con frijoles (pupusas, bean)",229.0,5.59,31.5,9.01,5.8,,305.0
334849,"Beef, loin, top loin steak, boneless, lip-on, separable lean only, trimmed to 1/8"" fat, choice, raw",155.0,22.8,0.0,6.39,,,45.0
334897,"Beef, loin, tenderloin roast, separable lean only, boneless, trimmed to 0"" fat, select, cooked, roasted",176.0,27.7,0.0,6.36,,,54.0
334898,"Beef, round, eye of round roast, boneless, separable lean only, trimmed to 0"" fat, select, raw",122.0,23.4,0.0,2.48,,,50.0
334963,"Beef, round, top round roast, boneless, separable lean only, trimmed to 0"" fat, select, raw",123.0,23.7,0.0,2.41,,,55.0
335061,"Beef, short loin, t-bone steak, bone-in, separable lean only, trimmed to 1/8"" fat, choice, cooked, grilled",219.0,27.3,0.0,11.4,,,67.0
335109,"Beef, short loin, porterhouse steak, separable lean only, trimmed to 1/8"" fat, select, raw",145.0,22.7,0.0,5.32,,,43.0
335240,"Bread, whole-wheat, commercially prepared",254.0,12.3,43.1,3.55,6.0,,450.0
746764,"Carrots, frozen, unprepared",37.0,0.81,7.92,0.47,3.2,,66.0
746771,"Oranges, raw, navels",47.0,0.91,11.8,0.15,2.0,,9.0
746773,"Pears, raw, bartlett",57.0,0.38,15.1,0.16,3.1,,7.0
746952,"Ham, sliced, restaurant",126.0,19.6,2.36,3.68,,,1030.0
747429,"Cheese, American, restaurant",373.0,17.5,6.35,31.1,,,1600.0
747693,"Ketchup, restaurant",103.0,1.11,26.8,0.55,,,949.0
747997,"Eggs, Grade A, Large, egg white",55.0,10.7,2.36,0.0,,,
748236,"Eggs, Grade A, Large, egg yolk",334.0,16.2,1.02,28.8,,,
748967,"Eggs, Grade A, Large, egg whole",147.0,12.4,0.96,9.96,0.0,,129.0
749420,"Pork, cured, bacon, cooked, restaurant",512.0,40.9,2.1,36.5,,,1830.0
789890,"Flour, wheat, all-purpose, enriched, bleached",375.0,10.9,77.3,1.48,,,2.0
789951,"Flour, wheat, all-purpose, enriched, unbleached",367.0,13.1,73.2,1.48,,,4.0
790018,"Flour, wheat, all-purpose, unenriched, unbleached",370.0,12.0,74.6,1.7,3.0,,2.0
790085,"Flour, whole wheat, unenriched",346.0,15.1,71.2,2.73,10.6,,3.0
790146,"Flour, bread, white, enriched, unbleached",372.0,14.3,72.8,1.65,,,3.0
790214,"Flour, rice, white, unenriched",369.0,6.94,79.8,1.3,0.5,,5.0
790276,"Flour, corn, yellow, fine meal, enriched",372.0,6.2,80.8,1.74,4.3,,0.0
790577,"Onions, red, raw",42.0,0.94,9.93,0.1,2.2,,1.0
790646,"Onions, yellow, raw",36.0,0.83,8.61,0.05,1.9,,1.0
790774,"Bananas, overripe, raw",85.0,0.73,20.1,0.22,1.7,,
790991,"Bananas, ripe and slightly ripe, raw",97.0,0.74,23.0,0.29,1.7,,0.0
1104647,"Garlic, raw",130.0,6.62,28.2,0.38,2.7,,
1104705,"Flour, soy, defatted",339.0,51.1,32.9,3.33,,,2.0
1104766,"Flour, soy, full-fat",421.0,38.6,27.9,20.7,,,2.0
1104812,"Flour, rice, brown",368.0,7.19,75.5,3.85,,,1.0
1104867,"Flour, rice, glutinous",368.0,6.69,80.1,1.16,,,6.0
1104913,"Flour, pastry, unenriched, unbleached",367.0,8.75,77.2,1.64,,,1.0
1104962,"Onions, white, raw",33.0,0.89,7.68,0.13,1.2,,2.0
1105430,"Apples, red delicious, with skin, raw",56.0,0.19,14.8,0.21,2.0,,0.0
1105547,"Apples, honeycrisp, with skin, raw",54.0,0.1,14.7,0.1,1.7,,0.0
1105664,"Apples, granny smith, with skin, raw",53.0,0.27,14.2,0.14,2.5,,0.0
1105781,"Apples, gala, with skin, raw",55.0,0.13,14.8,0.15,2.1,,0.0
1105897,"Apples, fuji, with skin, raw",58.0,0.15,15.7,0.16,2.1,,1.0
1750337,"Soy milk, unsweetened, plain, shelf stable",38.485,3.546875,1.293125,2.125,0.0,,34.28
1750338,"Almond milk, unsweetened, plain, shelf stable",14.5562,0.5546875,0.3371125,1.221,0.0,,59.58
1750344,"Mushroom, lion's mane",35.107387,2.5,7.5897,0.2563,,,0.3363
1750345,"Mushroom, oyster",33.31965,2.89875,6.94125,0.1875,,,1.128
1750346,"Mushrooms, shiitake",36.3915875,2.414375,8.170625,0.195,,,0.9363
1750347,"Mushrooms, white button",24.8732585,2.890625,4.079375,0.3708,,,6.443
1750352,"Spinach, baby",20.72851125,2.851875,2.406325,0.6188,1.558,,111.4
1750353,"Spinach, mature",21.5796975,2.90625,2.64135,0.6044,1.588,,106.6
1750354,"Tomato, roma",18.95436075,0.695625,3.837475,0.425,0.9706,,0.0
2003586,"Flour, 00",365.610744,11.4,74.4462,1.52,2.656,,0.0
2003587,"Flour, spelt, whole grain",340.5831,14.475,70.723,2.543,9.339,,0.0
2003588,"Flour, semolina, coarse and semi-coarse",365.0310665,11.73125,73.82345,1.597,3.216,,0.0
2003589,"Flour, semolina, fine",365.9569125,13.33125,71.98575,1.838,3.683,,0.4263
2003590,"Apple juice, with added vitamin C, from concentrate, shelf stable",47.231814,0.0859375,11.3639625,0.2863,,,4.872
2003591,"Orange juice, no pulp, not fortified, from concentrate, refrigerated",45.723,0.734375,10.340625,0.325,,,5.231
2003592,"Grape juice, purple, with added vitamin C, from concentrate, shelf stable",64.513952,0.2578125,15.6227875,0.2875,,,4.019
2003593,"Grape juice, white, with added vitamin C, from concentrate, shelf stable",64.64055,0.09375,15.84375,0.265,,,7.188
2003594,"Cranberry juice, not fortified, from concentrate, shelf stable",31.298775,0.0,7.26375,0.3375,,,6.341
2003595,"Grapefruit juice, red, not fortified, not from concentrate, refrigerated",39.830778,0.5703125,9.1021875,0.2669,,,1.031
2003596,"Tomato juice, with added ingredients, from concentrate, shelf stable",19.92788125,0.859375,4.320625,0.2875,,,235.6
2003597,"Orange juice, no pulp, not fortified, not from concentrate, refrigerated",44.960839,0.8125,10.0124,0.3563,,,0.075
2003598,"Mushroom, portabella",26.024813,2.75,4.6583,0.3117,1.879,,5.312
2003599,"Mushroom, king oyster",38.460412,2.40625,8.50065,0.3075,3.009,,0.7713
2003600,"Mushroom, enoki",36.7150215,2.416875,8.141425,0.245,2.945,,0.4167
2003601,"Mushroom, crimini",23.722638,3.09375,4.01455,0.1967,1.781,,4.572
2003602,"Mushroom, maitake",30.9734625,2.203125,6.604375,0.265,3.071,,0.345
2003603,"Mushroom, beech",32.995442,2.18,6.7593,0.4494,3.139,,0.8913
2003604,"Mushroom, pioppini",31.236476,3.5,5.7637,0.24,2.753,,0.0
2257044,"Soy milk, sweetened, plain, refrigerated",40.705,2.776875,2.996125,1.957,0.0,,39.44
2257045,"Almond milk, unsweetened, plain, refrigerated",19.33,0.65625,0.67075,1.558,0.0,,59.22
2257046,"Oat milk, unsweetened, plain, refrigerated",48.3298,0.796875,5.100325,2.749,0.0,,41.98
2258586,"Carrots, mature, raw",44.978589,0.94125,10.26755,0.3506,3.095,,86.65
2258587,"Carrots, baby, raw",38.250983,0.805,9.0787,0.1375,2.694,,62.66
2258588,"Peppers, bell, green, raw",19.692148,0.715,4.7781,0.1063,0.9419,,0.0
2258589,"Peppers, bell, yellow, raw",26.58104025,0.819375,6.601725,0.1211,1.071,,0.0
2258590,"Peppers, bell, red, raw",26.98843175,0.895625,6.653175,0.1256,1.158,,0.0
2258591,"Peppers, bell, orange, raw",27.38430325,0.881875,6.703125,0.1556,0.9674,,0.0
2259792,"Buttermilk, low fat",42.9180362,3.464978,4.811522,1.081,,,92.49
2259793,"Yogurt, plain, whole milk",77.3185458,3.824172,5.574928,4.484,,,41.78
2259794,"Yogurt, Greek, plain, whole milk",94.507135,8.77888,4.75402,4.394,,,33.76
2259795,"Cheese, parmesan, grated, refrigerated",404.763418,30.13912,4.33188,29.5,,,1046.0
2259796,"Cheese, feta, whole milk, crumbled",273.472498,19.70782,5.58318,19.08,,,1034.0
2261420,"Flour, almond",577.62536,26.24375,16.24925,50.23,9.266,,0.8944
2261421,"Flour, oat, whole grain",386.429275,13.16875,69.91725,6.309,10.5,,3.619
2261422,"Flour, potato",352.682197,8.1125,79.9422,0.9513,5.401,,47.66
2262072,"Peanut butter, creamy",589.383006,23.99124,22.70376,49.43,6.323,,220.7
2262073,"Sesame butter, creamy",648.374268,19.7054,14.179,62.4,8.372,,63.63
2262074,"Almond butter, creamy",602.510076,20.78734,21.23666,53.04,9.718,,0.9963
2262075,"Flaxseed, ground",514.44343,18.0359,34.3551,37.28,23.13,,36.74
2263888,"Raspberries, raw",51.412425,1.008125,12.904375,0.1875,,,0.0
2263889,"Blueberries, raw",57.384621,0.703125,14.571775,0.3063,,,0.0
2263890,"Grapes, red, seedless, raw",77.151876,0.914375,20.196825,0.1638,,,6.999
2263891,"Grapes, green, seedless, raw",71.939325,0.89875,18.60375,0.2325,,,3.171
2263892,"Applesauce, unsweetened, with added vitamin C",46.4205,0.2734375,12.2615625,0.1625,,,0.5038
2346384,"Cottage cheese, full fat, large or small curd",104.574374,11.62436,4.59964,4.225,,,349.8
2346385,"Cream cheese, full fat, block",336.73206,5.78985,4.55615,33.49,,,367.8
2346386,"Cream, heavy",335.8933226,2.017994,3.799506,35.56,,,20.61
2346387,"Cream, sour, full fat",192.7437716,3.070694,5.555506,17.99,,,50.04
2346388,"Lettuce, iceberg, raw",14.455425,0.7425,3.36875,0.07375,,,16.11
2346389,"Lettuce, romaine, green, raw",17.45834025,0.976875,4.055575,0.07125,,,23.0
2346390,"Lettuce, leaf, red, raw",14.68480875,0.883125,3.260575,0.1063,,,24.89
2346391,"Lettuce, leaf, green, raw",18.4931365,1.09375,4.06615,0.1563,,,28.88
2346392,"Nuts, pine nuts, raw",642.99228,15.7039,18.5921,61.27,3.941,,0.0
2346393,"Nuts, almonds, whole, raw",583.597022,21.45038,20.03462,51.09,10.78,,0.0
2346394,"Nuts, walnuts, English, halves, raw",678.66434,14.5644,10.9096,69.74,5.21,,0.0
2346395,"Nuts, pecans, halves, raw",699.59644,9.9587,12.6993,73.28,5.793,,0.0
2346396,"Oats, whole grain, rolled, old fashioned",378.866123,13.49645,68.65755,5.89,,,0.6675
2346397,"Oats, whole grain, steel cut",379.2080612,12.51118,69.75082,5.8,,,0.3113
2346398,"Pineapple, raw",54.046596,0.4609375,14.0914625,0.2113,0.9346,,0.0
2346399,"Cherries, sweet, dark red, raw",63.290775,1.039375,16.163125,0.1925,,,0.0
2346400,"Beans, snap, green, raw",33.5679465,1.96875,7.41245,0.275,3.011,,0.0
2346401,"Potatoes, russet, without skin, raw",80.9523625,2.27375,17.77125,0.36,,,2.743
2346402,"Potatoes, red, without skin, raw",73.373425,2.0625,16.27,0.2475,,,2.856
2346403,"Potatoes, gold, without skin, raw",71.575228,1.8125,15.9624,0.2638,,,2.238
2346404,"Sweet potatoes, orange flesh, without skin, raw",77.35727375,1.578125,17.327875,0.375,,,0.0
2346405,"Celery, raw",14.83215875,0.4921875,3.3165125,0.1625,,,97.21
2346406,"Cucumber, with peel, raw",13.934925,0.625,2.9525,0.1775,,,1.515
2346407,"Cabbage, green, raw",27.8695,0.96125,6.38375,0.2275,,,16.1
2346408,"Cabbage, red, raw",29.943836,1.2425,6.7899,0.2138,,,11.72
2512371,"Flour, amaranth",377.9609,13.2093,68.7787,6.236,7.209,,0.0
2512372,"Flour, quinoa",378.394015,11.92235,69.52465,6.601,6.295,,6.321
2512373,"Flour, sorghum",363.8590417,8.27277,77.39123,3.586,6.019,,0.0
2512374,"Flour, buckwheat",334.3016028,8.88492,75.01808,2.484,10.35,,0.0
2512375,"Flour, rye",350.962038,8.3952,77.1618,1.908,13.68,,0.0
2512376,"Flour, barley",357.191828,8.72168,77.39832,2.45,12.79,,20.33
2512377,"Flour, cassava",358.55706075,0.918225,87.312975,0.4938,4.834,,13.08
2512378,"Buckwheat, whole grain",331.6005206,11.06534,71.13066,3.039,4.046,,0.0
2512379,"Millet, whole grain",380.6064975,10.02177,74.44623,4.194,2.619,,0.0
2512380,"Rice, brown, long grain, unenriched, raw",368.3584745,7.25305,76.68795,3.306,3.021,,0.0
2512381,"Rice, white, long grain, unenriched, raw",369.637321,7.03885,80.31315,1.033,0.1488,,0.4625
2514743,"Beef, ground, 90% lean meat / 10% fat, raw",190.134819,18.15625,0.0,12.85,,,61.64
2514744,"Beef, ground, 80% lean meat / 20% fat, raw",247.812675,17.53125,0.0,19.44,,,54.94
2514745,"Pork, ground, raw",233.442059,17.80625,0.0,17.49,,,53.63
2514746,"Chicken, ground, with additives, raw",138.128494,17.9125,0.0,7.161,,,62.95
2514747,"Turkey, ground, 93% lean/ 7% fat, raw",157.5897,17.34375,0.0,9.591,,,80.18
2515373,"Nuts, brazilnuts, raw",620.950526,15.03684,21.64216,57.43,5.984,,0.0
2515374,"Nuts, cashew nuts, raw",533.47799,17.4423,36.2887,38.86,4.104,,4.759
2515375,"Nuts, hazelnuts or filberts, raw",602.39467,13.4938,26.5012,53.49,8.41,,0.0
2515376,"Peanuts, raw",550.62181,23.205,26.498,43.28,8.014,,1.493
2515377,"Flour, chestnut",384.58086,5.28675,80.45025,4.636,8.711,,0.0
2515378,"Nuts, macadamia nuts, raw",668.54428,7.7857,24.0943,64.93,7.563,,0.0
2515379,"Nuts, pistachio nuts, raw",560.68798,20.5057,27.6943,45.02,6.969,,0.0
2515380,"Seeds, pumpkin seeds (pepitas), raw",514.83917,29.9079,18.6751,40.03,5.079,,0.0
2515381,"Seeds, sunflower seed, kernel, raw",570.651,18.8733,24.5007,48.44,7.215,,0.0
2515382,"Flour, coconut",423.62737,16.1385,58.9025,15.28,34.24,,46.94
2644281,"Beans, cannellini, dry",336.59519,21.5625,59.7955,2.199,,,0.0
2644282,"Chickpeas, (garbanzo beans, bengal gram), dry",371.99469,21.275,60.358,6.274,,,8.779
2644283,"Lentils, dry",350.9328,23.56875,62.17125,1.925,,,0.0
2644284,"Blackeye pea, dry",345.5703,21.225,61.836,2.419,,,3.458
2644285,"Beans, black, canned, sodium added, drained and rinsed",115.28233,6.9125,19.8135,1.273,,,217.9
2644286,"Beans, navy, canned, sodium added, drained and rinsed",115.82665,6.56875,19.98325,1.398,,,190.1
2644287,"Beans, cannellini, canned, sodium added, drained and rinsed",112.0972,7.4125,18.8185,1.169,,,164.0
2644288,"Chickpeas (garbanzo beans, bengal gram), canned, sodium added, drained and rinsed",132.972,7.01875,20.32025,3.096,,,201.7
2644289,"Beans, kidney, dark red, canned, sodium added, sugar added, drained and rinsed",123.17082,7.8,21.03,1.256,,,172.3
2644290,"Beans, kidney, light red, canned, sodium added, sugar added, drained and rinsed",123.51359,7.30625,21.44675,1.299,,,158.5
2644291,"Peas, green, sweet, canned, sodium added, sugar added, drained and rinsed",77.798925,4.734375,12.707625,1.153,,,207.4
2644292,"Beans, pinto, canned, sodium added, drained and rinsed",113.59675,6.69375,19.60025,1.266,,,201.6
2644293,"Blackeye pea, canned, sodium added, drained and rinsed",112.882483,6.925,19.1659,1.296,,,226.7
2644294,"Beans, great northern, canned, sodium added, drained and rinsed",113.66287,7.03125,19.32875,1.266,,,223.1
2646168,"Pork, loin, boneless, raw",173.72307,21.11875,0.0,9.469,,,40.2
2646169,"Pork, loin, tenderloin, boneless, raw",125.02117,21.58125,0.0,3.899,,,41.39
2646170,"Chicken, breast, boneless, skinless, raw",112.20227,22.525,0.0,1.934,,,65.75
2646171,"Chicken, thigh, boneless, skinless, raw",149.306475,18.6125,0.0,7.916,,,62.33
2646172,"Beef, ribeye, steak, boneless, choice, raw",259.611425,18.74375,0.0,20.04,,,42.54
2646173,"Beef, round, top round, boneless, choice, raw",146.43655,21.475,0.852,5.703,,,45.54
2646174,"Beef, chuck, roast, boneless, choice, raw",237.096894,18.4,0.0,17.8,,,48.44
2646175,"Beef, flank, steak, boneless, choice, raw",169.562744,20.13125,0.0,9.399,,,51.3
2647437,"Yogurt, plain, nonfat",50.07437,4.22675,8.07675,0.0875,,,51.48
2647438,"Cheese, monterey jack, solid",390.73759,22.6171,1.8979,32.63,,,662.2
2647439,"Cheese, pasteurized process cheese food or product, American, singles",307.89587,15.5672,8.1898,23.86,,,1420.0
2647440,"Cheese, provolone, sliced",356.900072,23.45288,2.45312,28.13,,,600.9
2647441,"Cheese, oaxaca, solid",298.113882,22.14498,2.40202,22.1,,,734.2
2647442,"Cheese, queso fresco, solid",297.41686,18.8848,2.9572,23.36,,,626.5
2647443,"Cheese, cotija, solid",351.761072,23.83568,2.72432,27.24,,,1625.0
2684440,"Fish, salmon, sockeye, wild caught, raw",136.22202,22.3,0.0,4.936,,,53.3
2684441,"Fish, salmon, Atlantic, farm raised, raw",203.10632,20.31875,0.0,13.11,,,49.49
2684442,"Fish, tilapia, farm raised, raw",99.95727,19.0,0.0,2.479,,,93.66
2684443,"Crustaceans, shrimp, farm raised, raw",75.699433,15.56875,0.48495,0.8013,,,474.9
2684444,"Fish, cod, Atlantic, wild caught, raw",70.477065,16.06875,0.0,0.6675,,,298.8
2684445,"Fish, catfish, farm raised, raw",133.787497,16.46875,0.0,7.308,,,60.51
2684446,"Crustaceans, crab, blue swimming, lump, pasteurized, refrigerated",86.021115,18.65,0.0,0.8075,,,331.3
2685568,"Squash, summer, green, zucchini, includes skin, raw",16.0,0.984375,3.27,0.205,0.7525,,0.0
2685569,"Squash, summer, yellow, includes skin, raw",19.0,0.890625,4.39,0.135,0.9563,,0.0
2685570,"Squash, winter, butternut, raw",41.7165215,1.14875,10.50745,0.1675,1.959,,0.0
2685571,"Squash, winter, acorn, raw",41.991125,1.25,10.48,0.1825,2.635,,0.0
2685572,"Cabbage, bok choy, raw",17.0032275,1.02375,3.51495,0.2338,1.259,,14.27
2685573,"Cauliflower, raw",22.85237775,1.640625,4.723075,0.2375,1.948,,20.0
2685574,"Collards, raw",38.7580825,2.96875,7.02225,0.77,3.816,,18.41
2685575,"Brussels sprouts, raw",48.77870625,3.984375,9.615625,0.565,4.785,,25.74
2685576,"Beets, raw",40.965255,1.6875,8.787,0.3025,3.119,,111.6
2685577,"Eggplant, raw",22.35856525,0.851875,5.399325,0.12,2.448,,0.4425
2685578,"Tomatoes, whole, canned, solids and liquids, with salt added",19.149449,0.8675,4.2874,0.2063,0.8725,,111.5
2685579,"Tomato, sauce, canned, with salt added",29.10400125,1.351875,6.331625,0.3825,1.636,,416.9
2685580,"Tomato, paste, canned, without salt added",88.53450625,4.234375,20.188125,0.7325,4.704,,61.15
2685581,"Tomatoes, crushed, canned",32.313665,1.4375,7.137,0.3975,1.944,,139.8
2685582,"Tomato, puree, canned",34.76031875,1.578125,8.036875,0.265,1.971,,29.36
2710815,"Apricot, with skin, raw",43.47915,0.96125,10.23875,0.405,1.51,,0.0
2710816,"Melons, honeydew, raw",32.935251,0.53125,8.14995,0.2163,,,21.15
2710817,"Plantains, ripe, raw",122.789661,1.15625,30.95215,0.8933,2.125,,0.0
2710818,"Plantains, underripe, raw",144.50803225,1.229375,33.587325,0.685,2.53,,0.0
2710819,"Chia seeds, dry, raw",490.09552,17.013,38.273,32.89,,,0.0
2710820,"Bulgur, dry, raw",349.3017225,11.75625,75.88175,2.421,11.72,,2.18
2710821,"Wild rice, dry, raw",358.55263,12.7875,75.6695,1.704,4.26,,1.014
2710822,"Arugula, baby, raw",25.9078525,1.64875,5.36825,0.325,2.28,,86.93
2710823,"Asparagus, green, raw",23.529215,1.4375,5.1012,0.2163,1.883,,2.46
2710824,"Avocado, Hass, peeled, raw",206.0493,1.8125,8.3235,20.31,,,0.0
2710825,"Rice, black, unenriched, raw",360.53871,7.56875,77.18825,3.438,4.179,,0.0
2710826,"Corn, sweet, yellow and white kernels,  fresh, raw",72.85765625,2.789375,14.689625,1.626,2.428,,0.0
2710827,"Einkorn, grain, dry, raw",345.6801839,15.11719,68.65381,3.811,8.913,,0.0
2710828,"Farro, pearled, dry, raw",344.0049964,12.63944,72.13156,3.103,7.31,,0.845
2710829,"Fonio, grain, dry, raw",376.8911025,7.16875,81.30525,1.693,2.197,,2.967
2710830,"Khorasan, grain, dry, raw",347.7914113,14.75573,71.79427,2.8,10.52,,3.936
2710831,"Kiwifruit (kiwi), green, peeled, raw",58.48917,1.008125,13.818075,0.64,2.129,,2.275
2710832,"Mandarin, seedless, peeled, raw",55.640145,1.039375,13.421825,0.4575,1.328,,0.0
2710833,"Mango, Tommy Atkins, peeled, raw",61.635825,0.5625,15.265,0.5725,1.753,,0.0
2710834,"Mango, Ataulfo, peeled, raw",70.638801,0.6875,17.3962,0.6813,1.289,,0.0
2710835,"Corn flour, masa harina, white or yellow, dry, raw",366.03011,7.5625,76.6895,4.34,7.038,,2.733
2710836,"Pear, Anjou, green, with skin, raw",57.320421,0.3125,14.7674,0.3713,2.636,,0.3975
2710837,"Plum, black, with skin, raw",52.747095,0.578125,13.455575,0.2825,1.346,,0.0
2710838,"Rice, red, unenriched, dry, raw",359.99995,8.5625,76.1545,3.44,4.198,,0.4375
2710839,"Sorghum bran, white, unenriched, dry, raw",364.50325,11.16875,68.69525,9.259,34.95,,2.915
2710840,"Sorghum flour, white, pearled, unenriched, dry, raw",349.558015,10.2125,73.5065,3.238,3.299,,0.0
2710841,"Sorghum grain, white, pearled, unenriched, dry, raw",338.38971,10.25,74.872,3.265,3.916,,0.0
2710842,"Sorghum, whole grain, white, dry, raw",340.98918,10.08125,73.57375,4.219,8.274,,0.3288
2710843,"Plantains, overripe, raw",117.29613,1.166875,29.191425,0.99,1.792,,0.0
2727566,"Chicken, drumstick, meat and skin, raw",130.121544,18.35625,-0.47505,5.94,,,90.98
2727567,"Chicken, thigh, meat and skin, raw",192.792919,17.10625,-0.17255,13.35,,,63.55
2727568,"Chicken, wing, meat and skin, raw",172.792125,18.40625,-0.45875,10.64,,,84.14
2727569,"Chicken, breast, meat and skin, raw",132.8359,21.40625,-0.42825,4.777,,,48.07
2727570,"Lamb, ground, raw",241.727079,17.4625,-0.2508,18.64,,,53.45
2727571,"Bison, ground, raw",164.411779,19.88125,-0.14955,8.88,,,55.7
2727572,"Beef, short loin (NY strip steak), raw",196.004594,21.325,0.2212,11.54,,,43.09
2727573,"Beef, tenderloin steak, raw",149.001,21.09375,0.18025,6.456,,,44.85
2727574,"Beef, top sirloin steak, raw",146.16307,21.975,0.218,5.708,,,42.85
2727575,"Pork, chop, center cut, raw",144.617,22.8125,-0.5625,5.475,,,39.3
2727576,"Pork, belly, with skin, raw",385.36225,15.2,-0.705,35.83,,,49.7
2747652,"Anchovies, canned in olive oil, with salt, drained",206.065,26.9375,2.4095,9.853,,,5403.0
2747653,"Beet greens, raw",26.367,1.609375,4.658825,0.1438,2.578,,280.5
2747654,"Cod, Pacific or Alaskan, frozen, wild caught",60.84,14.2,0.524,0.216,,,353.9
2747655,"Fennel, bulb, raw",26.8924,0.921875,5.486225,0.14,2.046,,49.03
2747656,"Halibut, frozen, wild caught",81.3345,19.0625,-0.0602,0.5917,,,108.3
2747657,"Lobster, tail only, frozen, wild caught",58.8175,12.99375,0.88555,0.3667,,,508.8
2747658,"Mahi mahi, frozen, wild caught",83.7115,19.79375,0.28655,0.3767,,,51.93
2747659,"Parsnips, raw",87.0745,1.265625,19.292275,0.5381,5.351,,0.4913
2747660,"Peppers, banana or Hungarian wax, seeded, raw",23.9398,0.723125,4.966175,0.1314,1.79,,0.0
2747661,"Peppers, jalapeno, seeded, raw",24.1264,0.621125,5.075675,0.1488,1.725,,0.0
2747662,"Peppers, poblano, seeded, raw",27.9906,1.425625,5.143175,0.1906,2.07,,0.0
2747663,"Peppers, serrano, seeded, raw",29.233,0.855625,6.136275,0.1406,2.521,,0.0
2747664,"Radicchio, raw",26.3679,1.30875,4.96125,0.1431,2.114,,8.076
2747665,"Radishes, red, raw",19.60045,0.65625,4.05682,0.08313,1.314,,51.16
2747666,"Scallops, bay, Patagonian, frozen, wild caught",78.456,16.3875,2.2833,0.4192,,,252.4
2747667,"Scallops, sea, frozen, wild caught",66.3545,13.5125,1.9662,0.4933,,,313.0
2747668,"Sea bass, Chilean, frozen, wild caught",209.3868,14.925,0.1392,16.57,,,109.4
2747669,"Snapper, frozen, wild caught",89.538,20.6625,0.4413,0.5692,,,93.06
2747670,"Snow crab, legs only, frozen  ",69.223,15.5375,1.1063,0.2942,,,728.5
2747671,"Squid (calamari), frozen, tubes only",43.9108,8.80625,0.93215,0.5508,,,271.9
2747672,"Swordfish, frozen, wild caught",151.855,19.2375,0.4495,8.123,,,56.87
2747673,"Tuna, ahi or yellowfin, frozen, wild caught",101.8695,24.7,-0.1045,0.3875,,,94.37
2747674,"Turnips, raw",33.9816,0.953125,7.274975,0.1188,1.915,,12.8
2747676,"Watermelon, seedless, rind only, raw",19.419,0.53125,4.166,0.07,1.535,,3.763
2768188,"Alaska Pollock, raw",78.4785,17.33,0.0565,0.9925,0.0,,114.8
